"","time","lat","lon","ugrd10m","vgrd10m","dir","speed"
"401",2015-02-12,45,-10,2.44,-0.85999995,109.415464411607,2.58712193643825
"402",2015-02-12,45,-9.5,2.79,-0.5,100.160206120895,2.8344488000315
"403",2015-02-12,45,-9,2.95,-0.22,94.2650104937769,2.958192015404
"404",2015-02-12,45,-8.5,3.01,-0.35999998,96.8202540631468,3.03145179503155
"405",2015-02-12,45,-8,2.9299998,-1.09,110.405889425995,3.12617958985085
"406",2015-02-12,45,-7.5,1.99,-1.1,118.932229702688,2.27378539004894
"407",2015-02-12,45,-7,1.66,0.56,71.3582081063007,1.75191323986092
"408",2015-02-12,45,-6.5,2.6799998,2.6799998,45,3.79009206431718
"409",2015-02-12,45,-6,2.4099998,4.06,30.6931988338769,4.72140858600482
"410",2015-02-12,45,-5.5,1.6999999,4.06,22.7199960807471,4.40154514460547
"411",2015-02-12,45,-5,1.5999999,3.51,24.5054163741135,3.85747322479366
"412",2015-02-12,45,-4.5,1.7099999,3.21,28.0446855576159,3.63705920463223
"413",2015-02-12,45,-4,1.36,2.9199998,24.9739124078546,3.22117972674609
"414",2015-02-12,45,-3.5,1.04,2.55,22.1877541332719,2.75392447245744
"415",2015-02-12,45,-3,1.14,3.11,20.1308899948257,3.31235565723248
"416",2015-02-12,45,-2.5,0.65,5.0499997,7.33437923237824,5.09165954969498
"417",2015-02-12,45,-2,-0.52,6.19,355.198058997122,6.21180328085171
"418",2015-02-12,45,-1.5,-1.74,4.92,340.523424501068,5.21862050737549
"419",2015-02-12,45,-1,-1.03,2.37,336.510274900974,2.58414395883821
"420",2015-02-12,45,-0.5,-0.56,1.9799999,344.207595713334,2.05766848739052
"641",2015-02-12,45,0,-0.96999997,1.35,324.302055551018,1.66234771988294
"642",2015-02-12,45,0.5,-0.75,0.19999999,284.931416464912,0.776208732236375
"643",2015-02-12,45,1,-0.76,0.48,302.275644314578,0.898888202169769
"644",2015-02-12,45,1.5,-1.42,0.98999995,304.883555592378,1.73104012114104
"645",2015-02-12,45,2,-1.6999999,0.9,297.897272424629,1.92353831778834
"646",2015-02-12,45,2.5,-1.62,0.89,298.783632910918,1.84837766703669
"647",2015-02-12,45,3,0.17,1.81,5.36563092663983,1.81796589626978
"648",2015-02-12,45,3.5,-0.04,3.22,359.288287793964,3.22024843762092
"649",2015-02-12,45,4,-0.13,2.95,357.476733766497,2.95286301747982
"650",2015-02-12,45,4.5,1.62,1.2099999,53.2434492431442,2.02200389663324
"651",2015-02-12,45,5,0.32,0.93,18.9876240878702,0.98351410767716
"381",2015-02-12,44.5,-10,0.77,-1.06,144.004779125277,1.31015266286032
"382",2015-02-12,44.5,-9.5,1.43,0.02,89.198712669893,1.43013985330107
"383",2015-02-12,44.5,-9,2.19,0.38,80.1562766093056,2.22272355456094
"384",2015-02-12,44.5,-8.5,2.61,0.42999998,80.6445067709159,2.64518430034658
"385",2015-02-12,44.5,-8,2.82,1.12,68.3388491796534,3.03427091737043
"386",2015-02-12,44.5,-7.5,3.51,1.88,61.8259399168746,3.98177096277523
"387",2015-02-12,44.5,-7,3.3899999,2.56,52.9412743264053,4.24802298981538
"388",2015-02-12,44.5,-6.5,2.2,3.36,33.2152514937372,4.01616732719144
"389",2015-02-12,44.5,-6,0.81,3.54,12.8881851257657,3.63148729861472
"390",2015-02-12,44.5,-5.5,0.42,3.27,7.31901937559043,3.2968621445247
"391",2015-02-12,44.5,-5,0.61,3.1899998,10.8255600667606,3.24779905843943
"392",2015-02-12,44.5,-4.5,0.68,3.07,12.4892797543926,3.14440773437543
"393",2015-02-12,44.5,-4,0.53,2.49,12.0161620926832,2.54578082324461
"394",2015-02-12,44.5,-3.5,0.69,1.79,21.0803970799225,1.91838473722035
"395",2015-02-12,44.5,-3,1.12,2.87,21.3179122754616,3.08079535185315
"396",2015-02-12,44.5,-2.5,0.53999996,5.6,5.5079201443195,5.62597546713457
"397",2015-02-12,44.5,-2,-1.1899999,6.85,350.144783933327,6.95259662011252
"398",2015-02-12,44.5,-1.5,-2.6799998,5.12,332.370755087316,5.77899635992272
"399",2015-02-12,44.5,-1,-1.24,1.61,322.397027069501,2.03216633177503
"400",2015-02-12,44.5,-0.5,-0.72999996,1.61,335.609694118284,1.76776693644835
"630",2015-02-12,44.5,0,-0.95,1.42,326.216919926647,1.70847885559055
"631",2015-02-12,44.5,0.5,-1.16,0.53,294.555497364057,1.27534309109353
"632",2015-02-12,44.5,1,-1.3,0.98999995,307.290665525177,1.63404403276044
"633",2015-02-12,44.5,1.5,-1.42,1.12,308.263988785881,1.80853531898053
"634",2015-02-12,44.5,2,-1.5,0.62,292.456938999942,1.62308348522188
"635",2015-02-12,44.5,2.5,-1.86,0.5,285.046391832199,1.92603219080056
"636",2015-02-12,44.5,3,-1.92,0.39999998,281.768288360016,1.96122410346192
"637",2015-02-12,44.5,3.5,-1.24,0.88,305.362461887069,1.52052622469986
"638",2015-02-12,44.5,4,-0.04,0.11,340.0168934781,0.117046999107196
"639",2015-02-12,44.5,4.5,0.65,-0.87,143.23561932421,1.08600184161906
"640",2015-02-12,44.5,5,-0.79999995,0.26,288.004162658549,0.84118958624082
"361",2015-02-12,44,-10,0.84,3.3999999,13.8775301955937,3.50222776529454
"362",2015-02-12,44,-9.5,2.22,4.29,27.3607747298173,4.83037265643139
"363",2015-02-12,44,-9,3.54,3.25,47.4456088328171,4.80563211242808
"364",2015-02-12,44,-8.5,3.05,1.62,62.0251041459126,3.45353442142973
"365",2015-02-12,44,-8,1.38,1.8499999,36.720950298859,2.30800771879125
"366",2015-02-12,44,-7.5,1,2.6699998,20.5325261956461,2.85112239863532
"367",2015-02-12,44,-7,0.72999996,2.87,14.2708678581605,2.96138480133873
"368",2015-02-12,44,-6.5,0.14,2.58,3.10602709561643,2.58379565755499
"369",2015-02-12,44,-6,0.17999999,2.08,4.94596627369124,2.08777393326002
"370",2015-02-12,44,-5.5,0.26999998,2.03,7.57615434101107,2.04787694679148
"371",2015-02-12,44,-5,0,2.58,0,2.58
"372",2015-02-12,44,-4.5,-0.59999996,2.57,346.858931087954,2.63910968927023
"373",2015-02-12,44,-4,-0.65,1.99,341.911245027539,2.09346602551845
"374",2015-02-12,44,-3.5,0.29999998,1.78,9.56668536372321,1.8051038718035
"375",2015-02-12,44,-3,0.84,3.1899998,14.752404297973,3.29874199112329
"376",2015-02-12,44,-2.5,-0.29999998,4.77,356.401232122479,4.77942465031095
"377",2015-02-12,44,-2,-2.9399998,5.21,330.563989506042,5.9822820749276
"378",2015-02-12,44,-1.5,-3.9199998,4.48,318.814076282983,5.95288152343048
"379",2015-02-12,44,-1,-1.48,1.76,319.939215542126,2.29956517628877
"380",2015-02-12,44,-0.5,-0.97999996,1.48,326.488982278683,1.77504927300625
"619",2015-02-12,44,0,-0.47,1.75,344.966741870612,1.81201545247274
"620",2015-02-12,44,0.5,0.48999998,0.83,30.555963251708,0.963846450634125
"621",2015-02-12,44,1,-0.84,1.12,323.130102354156,1.4
"622",2015-02-12,44,1.5,-2.21,1.15,297.490755209742,2.49130487897407
"623",2015-02-12,44,2,-1.6899999,-0.48999998,253.830968031111,1.75960212616376
"624",2015-02-12,44,2.5,-1.86,-0.03,269.075954647227,1.8602419197513
"625",2015-02-12,44,3,-1.65,0.63,290.897765498839,1.7661823235442
"626",2015-02-12,44,3.5,-0.90999997,0,270,0.90999997
"627",2015-02-12,44,4,-0.02,-0.85999995,181.332219931296,0.860232476717778
"628",2015-02-12,44,4.5,0.16,-1.26,172.763077974032,1.27011810474459
"629",2015-02-12,44,5,-0.63,-0.47,233.275892827075,0.786002544525143
"341",2015-02-12,43.5,-10,-1.5999999,6.04,345.163092124844,6.24832775068658
"342",2015-02-12,43.5,-9.5,-0.22,5.44,357.684153233323,5.44444671201767
"343",2015-02-12,43.5,-9,0.41,3.61,6.47951251573027,3.63320794890686
"344",2015-02-12,43.5,-8.5,-0.32999998,2.1299999,351.19320742396,2.15541169171924
"345",2015-02-12,43.5,-8,-0.7,0.87,321.179924249183,1.11664676599182
"346",2015-02-12,43.5,-7.5,-0.39,1.42,344.642506576502,1.47258276507638
"347",2015-02-12,43.5,-7,0.02,2.22,0.516164229764836,2.22009008826219
"348",2015-02-12,43.5,-6.5,0.39,2.09,10.5699912208271,2.12607619807005
"349",2015-02-12,43.5,-6,0.93,2.34,21.6746491190241,2.5180349481292
"350",2015-02-12,43.5,-5.5,0.48999998,2.35,11.7780243659818,2.40054160147247
"351",2015-02-12,43.5,-5,0.69,2.27,16.9074233807091,2.37255136930689
"352",2015-02-12,43.5,-4.5,0.48,2.4199998,11.2188431849284,2.46714390176172
"353",2015-02-12,43.5,-4,0.26999998,3.1699998,4.86833232147524,3.18147744313865
"354",2015-02-12,43.5,-3.5,0.7,3.02,13.0500285536668,3.1000645154577
"355",2015-02-12,43.5,-3,0.52,3.58,8.26449408465857,3.61756824400038
"356",2015-02-12,43.5,-2.5,0.35999998,4.0499997,5.07960795358926,4.06596821871496
"357",2015-02-12,43.5,-2,-1.02,3.77,344.860682175783,3.90554733680185
"358",2015-02-12,43.5,-1.5,-1.88,2.82,326.30993247402,3.38921819893615
"359",2015-02-12,43.5,-1,-1.16,1.4399999,321.146623715826,1.84910781513681
"360",2015-02-12,43.5,-0.5,-1.55,1.1,305.362461887069,1.90065778087482
"608",2015-02-12,43.5,0,-1,0.91999996,312.614054728368,1.35882299303478
"609",2015-02-12,43.5,0.5,1,0.26999998,74.890425945714,1.03580885746358
"610",2015-02-12,43.5,1,0.65,0.04,86.4785466230778,0.651229606206598
"611",2015-02-12,43.5,1.5,-1.06,1.09,315.799424113318,1.52042757144167
"612",2015-02-12,43.5,2,-1.8299999,1.4499999,308.391535262292,2.33482319330608
"613",2015-02-12,43.5,2.5,-2.34,0.19999999,274.885202325039,2.34853145518641
"614",2015-02-12,43.5,3,-0.87,-1.6999999,207.101765458521,1.90968574901736
"615",2015-02-12,43.5,3.5,-1.25,-2.22,209.38225462298,2.54772447489912
"616",2015-02-12,43.5,4,-1.43,-2.45,210.27097554929,2.8367939650246
"617",2015-02-12,43.5,4.5,-0.35999998,-2.21,189.251985718598,2.23912929184538
"618",2015-02-12,43.5,5,-0.68,-0.37,241.44860812704,0.774144689318476
"321",2015-02-12,43,-10,-4.15,6.06,325.595935929436,7.34480088225678
"322",2015-02-12,43,-9.5,-3.07,5.2599998,329.730018387641,6.09036106450184
"323",2015-02-12,43,-9,-0.84999996,1.16,323.767582530044,1.43808898612012
"324",2015-02-12,43,-8.5,-0.65999997,0.84,321.842774677837,1.06826961035125
"325",2015-02-12,43,-8,-0.84,1.05,321.34019174591,1.3446560898609
"326",2015-02-12,43,-7.5,-1.1999999,1.11,312.768827772056,1.63465585368909
"327",2015-02-12,43,-7,-1.42,1.4599999,315.795721591312,2.0366638672103
"328",2015-02-12,43,-6.5,-0.69,1.62,336.929587750175,1.7608236708995
"329",2015-02-12,43,-6,0.19999999,1.8299999,6.23708010520022,1.84089642022576
"330",2015-02-12,43,-5.5,-0.37,1.8,348.384329875534,1.83763434883004
"331",2015-02-12,43,-5,0.089999996,1.18,4.36157245192093,1.18342722601772
"332",2015-02-12,43,-4.5,0.96999997,1.4599999,33.5994107147306,1.75285471440163
"333",2015-02-12,43,-4,0.65,2.4099998,15.0940640204996,2.49611679133811
"334",2015-02-12,43,-3.5,0.94,2.03,24.8466931754225,2.23707398178961
"335",2015-02-12,43,-3,0.17999999,2.87,3.58876276152542,2.87563905878328
"336",2015-02-12,43,-2.5,-0.83,3.37,346.16395061436,3.47070598005651
"337",2015-02-12,43,-2,-0.62,3.1999998,349.034802646149,3.25950896915472
"338",2015-02-12,43,-1.5,-0.34,3.33,354.170182760919,3.34731235471087
"339",2015-02-12,43,-1,-0.35,2.6499999,352.476179280696,2.67301318178568
"340",2015-02-12,43,-0.5,-0.41,2.22,349.53625122208,2.25754291210599
"597",2015-02-12,43,0,-0.14999999,1.13,352.438572070596,1.13991227601075
"598",2015-02-12,43,0.5,0.32999998,1.62,11.5138305053141,1.65326948402249
"599",2015-02-12,43,1,0.39,1.74,12.633361935275,1.78317133220563
"600",2015-02-12,43,1.5,0.28,1.8199999,8.74616273568306,1.84141240247806
"601",2015-02-12,43,2,-0.25,1.63,351.280253493763,1.64906033849584
"602",2015-02-12,43,2.5,-0.03,-0.72999996,182.353296994911,0.730616138338048
"603",2015-02-12,43,3,-0.66999996,-0.45,236.113038952706,0.807093517753675
"604",2015-02-12,43,3.5,-2.7,3.9399998,325.577969111371,4.77635828053131
"605",2015-02-12,43,4,-2.31,1.9,309.437666605611,2.99100317619357
"606",2015-02-12,43,4.5,-0.98999995,-0.11,263.659807936486,0.996092315500929
"607",2015-02-12,43,5,-1.68,0.61,289.955718484066,1.78731642413983
"301",2015-02-12,42.5,-10,-1.13,7.45,351.375239167084,7.53521068053177
"302",2015-02-12,42.5,-9.5,-4.29,4.94,319.028263666485,6.54275935672404
"303",2015-02-12,42.5,-9,-2.1,0.88,292.736004882581,2.27692775467295
"304",2015-02-12,42.5,-8.5,-0.76,0.34,294.102234501161,0.832586331859946
"305",2015-02-12,42.5,-8,-0.98999995,0.74,306.777187497095,1.23600157807343
"306",2015-02-12,42.5,-7.5,-1.3,0.82,302.242467839123,1.53701008454727
"307",2015-02-12,42.5,-7,-1.11,0.96999997,311.149360298064,1.47410988118254
"308",2015-02-12,42.5,-6.5,-0.72999996,0.77,316.527527009729,1.06103720085584
"309",2015-02-12,42.5,-6,-0.35999998,-0.77,205.05761419705,0.849999991529412
"310",2015-02-12,42.5,-5.5,-1.28,-1.88,214.249033006812,2.27437903613272
"311",2015-02-12,42.5,-5,-1.7099999,-1.7099999,225,2.41830505023664
"312",2015-02-12,42.5,-4.5,-0.98999995,-0.29,253.673145708765,1.03160064996102
"313",2015-02-12,42.5,-4,-0.53999996,1.1999999,335.772254483516,1.31590262436094
"314",2015-02-12,42.5,-3.5,-0.17999999,1.35,352.405357048408,1.3619471342163
"315",2015-02-12,42.5,-3,-0.9,0.84,313.025065989118,1.23109707172099
"316",2015-02-12,42.5,-2.5,-2.25,0.31,277.84469609953,2.27125515959788
"317",2015-02-12,42.5,-2,-1.73,-0.22999999,262.427051684894,1.74522204759165
"318",2015-02-12,42.5,-1.5,-2.19,0.19,274.958450919485,2.19822655793255
"319",2015-02-12,42.5,-1,-2.8899999,-0.34,263.290162962186,2.90993117135097
"320",2015-02-12,42.5,-0.5,-1.8199999,-0.77,247.067898432721,1.97618309779231
"586",2015-02-12,42.5,0,-0.65,-0.51,231.881723630637,0.826196102629394
"587",2015-02-12,42.5,0.5,-0.48999998,0.48,314.409343954406,0.685930011298529
"588",2015-02-12,42.5,1,-0.52,0.81,327.300538878998,0.962548700066651
"589",2015-02-12,42.5,1.5,-0.06,1.38,357.510447078001,1.38130373198656
"590",2015-02-12,42.5,2,1.39,2.1699998,32.6417173391506,2.57701360725939
"591",2015-02-12,42.5,2.5,2.34,1.4399999,58.392499529729,2.74758070163553
"592",2015-02-12,42.5,3,0.81,1.76,24.7131768804659,1.93744677346243
"593",2015-02-12,42.5,3.5,-0.19,5.31,357.950742798852,5.31339815937033
"594",2015-02-12,42.5,4,-1.1899999,2.75,336.600550435638,2.99643117090982
"595",2015-02-12,42.5,4.5,-1.5699999,0.82,297.577751388038,1.77124241311008
"596",2015-02-12,42.5,5,-2.77,-0.099999994,267.932458319324,2.77180446619165
"281",2015-02-12,42,-10,0.14,7.19,1.11549313209491,7.19136287500499
"282",2015-02-12,42,-9.5,-3.02,5.1,329.367812564674,5.92709034856058
"283",2015-02-12,42,-9,-2.76,1.88,304.261102899095,3.33946103435869
"284",2015-02-12,42,-8.5,-0.74,0.51,304.574191474115,0.898721313867653
"285",2015-02-12,42,-8,-0.69,1.0699999,327.183654147117,1.27318489859094
"286",2015-02-12,42,-7.5,-1,0.91999996,312.614054728368,1.35882299303478
"287",2015-02-12,42,-7,-0.72999996,0.62,310.341747439365,0.957757767705385
"288",2015-02-12,42,-6.5,-0.89,0,270,0.89
"289",2015-02-12,42,-6,-0.37,-1.75,191.938150494505,1.78868666903961
"290",2015-02-12,42,-5.5,-0.76,-2.35,197.921428058034,2.46983805137098
"291",2015-02-12,42,-5,-1.11,-0.44,248.376803872095,1.19402680036924
"292",2015-02-12,42,-4.5,-1.54,1.51,314.436453129186,2.15678000732574
"293",2015-02-12,42,-4,-2.4199998,2.2,312.273691362975,3.27053497642206
"294",2015-02-12,42,-3.5,-2.83,1.38,295.995367597746,3.1485393438863
"295",2015-02-12,42,-3,-1.06,1.55,325.632908983879,1.87779125570442
"296",2015-02-12,42,-2.5,-0.08,1.99,357.697891707563,1.99160739102866
"297",2015-02-12,42,-2,-0.5,1.48,341.33308572578,1.56217796681428
"298",2015-02-12,42,-1.5,-1.5,1.26,310.03025927189,1.95897932607774
"299",2015-02-12,42,-1,-2.26,0.07,271.774080858818,2.261083810919
"300",2015-02-12,42,-0.5,-2.3899999,-1.43,239.106803680828,2.78513904895249
"575",2015-02-12,42,0,-1.4699999,-2.32,212.359191102325,2.7465068188519
"576",2015-02-12,42,0.5,-0.96,-1.42,214.060908816808,1.71405950888527
"577",2015-02-12,42,1,-1.01,-1.3299999,217.21298412026,1.67002986021209
"578",2015-02-12,42,1.5,-0.87,-0.87,225,1.23036579926459
"579",2015-02-12,42,2,0.07,-0.34,168.36636600106,0.347131099154196
"580",2015-02-12,42,2.5,0.96999997,0.17999999,79.4873730832091,0.986559647563188
"581",2015-02-12,42,3,0.58,1.27,24.5458440260296,1.39617334167359
"582",2015-02-12,42,3.5,0.53,3.1899998,9.43319428115376,3.23372830089357
"583",2015-02-12,42,4,-0.81,1.66,333.989854276632,1.84707877471428
"584",2015-02-12,42,4.5,-1.88,0.14,274.25884612217,1.88520555908368
"585",2015-02-12,42,5,-2.6499999,-0.42999998,260.783279831104,2.68466002555259
"261",2015-02-12,41.5,-10,-0.17999999,5.18,358.009827860721,5.18312646926544
"262",2015-02-12,41.5,-9.5,-3.08,2.9399998,313.667778199401,4.25793363311361
"263",2015-02-12,41.5,-9,-3.51,0.14999999,272.447048479385,3.51320366574442
"264",2015-02-12,41.5,-8.5,-1.4699999,-0.25,260.34816588896,1.49110687276265
"265",2015-02-12,41.5,-8,-1.1999999,0.099999994,274.763641801366,1.20415935772638
"266",2015-02-12,41.5,-7.5,-0.69,-0.26,249.35300917503,0.737360156233031
"267",2015-02-12,41.5,-7,-0.98999995,-0.59,239.206764845192,1.1524755533199
"268",2015-02-12,41.5,-6.5,-1.8399999,-0.42,257.14190915142,1.88732605344175
"269",2015-02-12,41.5,-6,-1.3199999,-0.96,233.972624550184,1.63217638017465
"270",2015-02-12,41.5,-5.5,-0.59999996,-1.01,210.712826037926,1.17477655407316
"271",2015-02-12,41.5,-5,-0.72999996,0.42,299.913647348604,0.842199466634836
"272",2015-02-12,41.5,-4.5,-1.42,0.90999997,302.653578473196,1.68656453935211
"273",2015-02-12,41.5,-4,-1.8299999,0.84999996,294.913967204852,2.01777093992356
"274",2015-02-12,41.5,-3.5,-1.78,0.62,289.2039735055,1.88488726453335
"275",2015-02-12,41.5,-3,-2.1299999,0.31,278.280682626095,2.15244037641
"276",2015-02-12,41.5,-2.5,-1.8199999,0.52,285.945396732502,1.89282847506054
"277",2015-02-12,41.5,-2,-1.18,0.28,283.348727113287,1.21276543486364
"278",2015-02-12,41.5,-1.5,-0.53999996,1.23,336.297355611213,1.34331677455468
"279",2015-02-12,41.5,-1,-1.24,0.90999997,306.27386332274,1.53808320496649
"280",2015-02-12,41.5,-0.5,-1.6899999,-0.57,251.361874478935,1.78353571929469
"564",2015-02-12,41.5,0,-1.0799999,-0.59999996,240.945395270309,1.235475510077
"565",2015-02-12,41.5,0.5,-0.96999997,0.34,289.316353372667,1.02786183011142
"566",2015-02-12,41.5,1,-1.04,0.69,303.562743781092,1.24807852317072
"567",2015-02-12,41.5,1.5,-0.39999998,0.29999998,306.869897187478,0.499999972
"568",2015-02-12,41.5,2,-0.07,-0.25,195.642246457209,0.259615099714943
"569",2015-02-12,41.5,2.5,0.39,0.48,39.0938588862295,0.618465843842649
"570",2015-02-12,41.5,3,-0.099999994,1.9699999,357.094079027147,1.97253633801763
"571",2015-02-12,41.5,3.5,-1.3299999,1.9799999,326.110064941033,2.38522521745851
"572",2015-02-12,41.5,4,-2.02,0.83,292.337323767638,2.18387270691311
"573",2015-02-12,41.5,4.5,-1.9799999,-0.049999997,268.553444327155,1.980631112474
"574",2015-02-12,41.5,5,-2.1,-0.08,267.818358596449,2.10152325706855
"241",2015-02-12,41,-10,-0.94,3.6799998,345.671059585658,3.79815725424844
"242",2015-02-12,41,-9.5,-2.57,1.4499999,299.431791030829,2.95083034246295
"243",2015-02-12,41,-9,-2.84,0.38,277.621071309297,2.86530975637888
"244",2015-02-12,41,-8.5,-1.63,0.53999996,288.32943058589,1.71711966874764
"245",2015-02-12,41,-8,-1.0799999,0.47,293.517963614802,1.17783690891397
"246",2015-02-12,41,-7.5,-0.57,0,270,0.57
"247",2015-02-12,41,-7,-0.76,0.01,270.753848333071,0.760065786626395
"248",2015-02-12,41,-6.5,-1.75,0.47,285.033258129388,1.81201545247274
"249",2015-02-12,41,-6,-1.3,0.26999998,281.73308331139,1.32774244083708
"250",2015-02-12,41,-5.5,-0.29999998,0.08,284.931418129105,0.310483474600502
"251",2015-02-12,41,-5,-0.049999997,0.68,355.794643249708,0.681835757129237
"252",2015-02-12,41,-4.5,-0.88,1.74,333.172125989685,1.94987179065702
"253",2015-02-12,41,-4,-1,1.15,318.99091309843,1.52397506541282
"254",2015-02-12,41,-3.5,-0.57,1.4699999,338.805942204651,1.57664190798038
"255",2015-02-12,41,-3,-0.41,1.52,344.904479155789,1.57432525229064
"256",2015-02-12,41,-2.5,-0.35999998,1.31,344.633915600499,1.3585654145458
"257",2015-02-12,41,-2,-0.02,2.07,359.446434814118,2.07009661610274
"258",2015-02-12,41,-1.5,-0.51,3.32,351.266806451463,3.35894328621369
"259",2015-02-12,41,-1,0.17,2.24,4.34002072596443,2.24644163066838
"260",2015-02-12,41,-0.5,0.59,0.84999996,34.7651984995886,1.03469799072
"553",2015-02-12,41,0,-0.56,1.7199999,341.965713452258,1.80886695364806
"554",2015-02-12,41,0.5,-0.68,1.1,328.276397042316,1.29321305282618
"555",2015-02-12,41,1,-1.06,-0.93,228.73762954341,1.4101418368377
"556",2015-02-12,41,1.5,-1.51,-1.35,228.202020583322,2.02548759561741
"557",2015-02-12,41,2,-1.92,0.26,277.711892412659,1.93752419339734
"558",2015-02-12,41,2.5,-2.35,1.39,300.603863152831,2.73031133755841
"559",2015-02-12,41,3,-2.77,1.5799999,299.700308932727,3.18893394161748
"560",2015-02-12,41,3.5,-2.8,1.4599999,297.538821740725,3.15778398691234
"561",2015-02-12,41,4,-2.56,1.17,294.561881828416,2.81469358900751
"562",2015-02-12,41,4.5,-2.31,0.7,286.858398767738,2.41373155093933
"563",2015-02-12,41,5,-2.24,0.53999996,283.553763130787,2.30417012323309
"221",2015-02-12,40.5,-10,-2.21,1.76,308.5331179586,2.82519025907991
"222",2015-02-12,40.5,-9.5,-2.4199998,0.31,277.299787464679,2.43977438137219
"223",2015-02-12,40.5,-9,-2.24,0.42999998,280.866551307945,2.28089894182097
"224",2015-02-12,40.5,-8.5,-1.4,-0.02,269.181544538311,1.40014284985497
"225",2015-02-12,40.5,-8,-1.16,-0.17999999,261.179620930295,1.17388244573296
"226",2015-02-12,40.5,-7.5,-0.53,0.08,278.583621480114,0.536003731330296
"227",2015-02-12,40.5,-7,-0.16,-0.19,220.100907546212,0.248394846967484
"228",2015-02-12,40.5,-6.5,-0.099999994,-0.06,239.036241951273,0.116619032751948
"229",2015-02-12,40.5,-6,-0.35999998,0.61,329.452429644373,0.70830783251352
"230",2015-02-12,40.5,-5.5,-0.24,0.44,331.389540334035,0.501198563445667
"231",2015-02-12,40.5,-5,-0.13,0.69,349.330217195503,0.702139587261678
"232",2015-02-12,40.5,-4.5,-1.1999999,-0.17999999,261.469234156573,1.21342480459236
"233",2015-02-12,40.5,-4,-2.04,-2.06,224.720510609455,2.89917229567337
"234",2015-02-12,40.5,-3.5,-2.1299999,-1.04,243.975457949492,2.37033743884705
"235",2015-02-12,40.5,-3,-1.5999999,0.22,277.829076993309,1.61505407958991
"236",2015-02-12,40.5,-2.5,-1.76,0.59999996,288.824708851644,1.85946227496016
"237",2015-02-12,40.5,-2,-1.9699999,2.29,319.29584194916,3.0207614281833
"238",2015-02-12,40.5,-1.5,-0.44,2.8799999,351.313645121754,2.91341713868783
"239",2015-02-12,40.5,-1,-1.27,1.91,326.379213914877,2.29368698823532
"240",2015-02-12,40.5,-0.5,0.41,2.07,11.2034348652293,2.11021325936503
"542",2015-02-12,40.5,0,0.35999998,0.91999996,21.3706220345244,0.987927078280579
"543",2015-02-12,40.5,0.5,0.59999996,-1.38,156.501435720765,1.50479232852909
"544",2015-02-12,40.5,1,-1.26,-2.54,206.384307992669,2.83534830311904
"545",2015-02-12,40.5,1.5,-3.47,-0.39999998,263.424322984146,3.49297866927355
"546",2015-02-12,40.5,2,-4.16,0.96999997,283.125313687584,4.27159220218878
"547",2015-02-12,40.5,2.5,-4.2,1.5,289.653824058053,4.45982062419555
"548",2015-02-12,40.5,3,-3.61,1.8499999,297.13356711099,4.05642695361324
"549",2015-02-12,40.5,3.5,-2.96,1.78,301.020654010404,3.45398320783411
"550",2015-02-12,40.5,4,-2.71,1.65,301.335399619443,3.17279056982966
"551",2015-02-12,40.5,4.5,-2.6799998,1.35,296.735829675462,3.00081637692146
"552",2015-02-12,40.5,5,-2.6599998,1.1,292.466751442319,2.87847163196027
"201",2015-02-12,40,-10,-2.61,0.26,275.688857258606,2.62291822213351
"202",2015-02-12,40,-9.5,-2.57,0.98999995,291.067382721242,2.7540878528108
"203",2015-02-12,40,-9,-1.66,1.38,309.737604600405,2.15870331449229
"204",2015-02-12,40,-8.5,-0.96,0.41,293.126520388749,1.04388696706109
"205",2015-02-12,40,-8,-1.06,0.049999997,272.700629175597,1.06117858991783
"206",2015-02-12,40,-7.5,-0.78999996,-0.34,246.713934028346,0.860058100828079
"207",2015-02-12,40,-7,-0.84999996,-0.79999995,226.735705030474,1.16726168959664
"208",2015-02-12,40,-6.5,-1.56,-0.59999996,248.962490254381,1.67140657890293
"209",2015-02-12,40,-6,-2.36,-1.11,244.81056937059,2.60800690183136
"210",2015-02-12,40,-5.5,-2.31,-1.26,241.389540334035,2.63129245808975
"211",2015-02-12,40,-5,-1.86,-1.05,240.554571270074,2.13590730135931
"212",2015-02-12,40,-4.5,-1.6899999,-2.1399999,218.298842709012,2.72684785677529
"213",2015-02-12,40,-4,-1.8399999,-1.5899999,229.168705933614,2.43180988442765
"214",2015-02-12,40,-3.5,-3.52,3.35,313.582489786957,4.85931065069934
"215",2015-02-12,40,-3,-4.77,4.37,312.494125044586,6.46914213787269
"216",2015-02-12,40,-2.5,-3.6,2.87,308.562630973606,4.60400912249313
"217",2015-02-12,40,-2,-2.6699998,0.71,284.891341930091,2.7627882531964
"218",2015-02-12,40,-1.5,-0.95,0.32,288.615692007331,1.00244700608062
"219",2015-02-12,40,-1,-0.96,0.37,291.077494116987,1.02883429180797
"220",2015-02-12,40,-0.5,0,-0.87,180,0.87
"531",2015-02-12,40,0,0.03,-1.66,178.964646813455,1.66027106220641
"532",2015-02-12,40,0.5,-0.98999995,-4,193.901350094651,4.12069167749785
"533",2015-02-12,40,1,-1.77,-3.26,208.499517030174,3.7095147930693
"534",2015-02-12,40,1.5,-1.93,-0.31,260.874991352064,1.95473783408415
"535",2015-02-12,40,2,-2.35,1.56,303.577391605328,2.82065595207923
"536",2015-02-12,40,2.5,-3.4099998,1.87,298.739796708456,3.88908712116353
"537",2015-02-12,40,3,-3.07,1.8199999,300.66089705174,3.56893536450298
"538",2015-02-12,40,3.5,-3.12,1.5799999,296.858120200525,3.4972560220836
"539",2015-02-12,40,4,-2.1599998,0.9,292.619866831531,2.33999981538462
"540",2015-02-12,40,4.5,-3.1499999,1.52,295.759154176824,3.49755619969144
"541",2015-02-12,40,5,-3.1899998,1.41,293.84573050623,3.48772113621488
"181",2015-02-12,39.5,-10,-1.02,-0.69,235.922804719869,1.23146254510643
"182",2015-02-12,39.5,-9.5,-3.1799998,1.99,302.037764468774,3.75133292684081
"183",2015-02-12,39.5,-9,-2.2,0.47,282.059180689462,2.24964441634673
"184",2015-02-12,39.5,-8.5,-2.81,-0.9,252.240532822138,2.95061010640173
"185",2015-02-12,39.5,-8,-3.09,-1.51,243.956482476518,3.43921502671758
"186",2015-02-12,39.5,-7.5,-1.6999999,-1.0799999,237.572445879964,2.01405050681457
"187",2015-02-12,39.5,-7,-1.12,-0.71,237.62822191739,1.32608446186508
"188",2015-02-12,39.5,-6.5,-1.4599999,-0.74,243.121858665381,1.6368261080518
"189",2015-02-12,39.5,-6,-1.65,-1.0699999,237.037204764851,1.96657056471412
"190",2015-02-12,39.5,-5.5,-0.94,-1.0699999,221.299459599889,1.42425411566897
"191",2015-02-12,39.5,-5,-0.81,-1.26,212.735226272108,1.49789852793839
"192",2015-02-12,39.5,-4.5,-0.71999997,-1.09,213.446773709812,1.30633072259669
"193",2015-02-12,39.5,-4,-0.11,0.12,317.489552921999,0.162788205960997
"194",2015-02-12,39.5,-3.5,-2.81,2.19,307.931404882997,3.56261140176697
"195",2015-02-12,39.5,-3,-5.81,3.36,300.041363926279,6.7116093450081
"196",2015-02-12,39.5,-2.5,-6.37,3.75,300.48519502484,7.39184685988556
"197",2015-02-12,39.5,-2,-4.5099998,1.81,291.867091397564,4.85965000756228
"198",2015-02-12,39.5,-1.5,-2.1699998,-0.17999999,265.258210072674,2.17745243998578
"199",2015-02-12,39.5,-1,-0.94,-0.53,240.584401166904,1.07912001186152
"200",2015-02-12,39.5,-0.5,-0.62,-1.9,198.072322148959,1.9985995096567
"520",2015-02-12,39.5,0,-3.3,-4.45,216.559634724493,5.54008122684135
"521",2015-02-12,39.5,0.5,-2.9299998,-4.2599998,214.519937056211,5.17034787262908
"522",2015-02-12,39.5,1,-2.18,-1.9,228.925907703684,2.89178145785604
"523",2015-02-12,39.5,1.5,-2.77,0.85999995,287.247964164657,2.90043098762925
"524",2015-02-12,39.5,2,-3.8,1.18,287.250943884785,3.97899484794841
"525",2015-02-12,39.5,2.5,-3.04,-0.39999998,262.504142730801,3.0662028608688
"526",2015-02-12,39.5,3,-1.8399999,-0.71999997,248.629377484097,1.9758541415803
"527",2015-02-12,39.5,3.5,-3.99,0.59,278.411355674739,4.03338567459151
"528",2015-02-12,39.5,4,-4.3199997,1.2099999,285.647165620219,4.48625647572674
"529",2015-02-12,39.5,4.5,-4.17,1.42,288.805124587975,4.40514471952965
"530",2015-02-12,39.5,5,-3.9299998,1.2099999,287.112972651725,4.11205522652603
"161",2015-02-12,39,-10,0.13,-2.01,176.299456944822,2.01419959289044
"162",2015-02-12,39,-9.5,-1.7199999,-0.55,252.267415125581,1.80579612802775
"163",2015-02-12,39,-9,-1.5999999,-0.96999997,238.773660730236,1.8710691119785
"164",2015-02-12,39,-8.5,-2.3799999,-0.91999996,248.865760147793,2.5516268242829
"165",2015-02-12,39,-8,-3.21,-0.19999999,266.434778250204,3.21622449403023
"166",2015-02-12,39,-7.5,-2.5,-1.13,245.677031602835,2.74351963725431
"167",2015-02-12,39,-7,-1.23,-2.27,208.451059145029,2.58182106273847
"168",2015-02-12,39,-6.5,-1.49,-1.73,220.73738887721,2.28319950946035
"169",2015-02-12,39,-6,-1.37,-1.36,225.209873711568,1.93041446326948
"170",2015-02-12,39,-5.5,-1.4699999,-0.62,247.131503579704,1.59539954431484
"171",2015-02-12,39,-5,-1.06,0.52,296.131000544939,1.18067777145164
"172",2015-02-12,39,-4.5,-0.94,1.3299999,324.748592211222,1.62864966582749
"173",2015-02-12,39,-4,0.64,1.1999999,28.072488918406,1.35999991176471
"174",2015-02-12,39,-3.5,0.96999997,1.04,43.0054298148875,1.42214624487076
"175",2015-02-12,39,-3,-2.35,1.9499999,309.68545288614,3.05368623306325
"176",2015-02-12,39,-2.5,-4.15,2.55,301.568971129318,4.87083155118302
"177",2015-02-12,39,-2,-3.23,1.66,297.200076917129,3.6315974446516
"178",2015-02-12,39,-1.5,-3.06,0.58,280.732664556656,3.11448230047949
"179",2015-02-12,39,-1,-2.24,-0.61,254.766526849185,2.3215727427759
"180",2015-02-12,39,-0.5,-0.45999998,-1.81,194.259472053518,1.86753848195961
"509",2015-02-12,39,0,-2.45,-3.6799998,213.654124312477,4.42096126741685
"510",2015-02-12,39,0.5,-3.3999999,-2.9199998,229.343241058446,4.48178515236954
"511",2015-02-12,39,1,-4.16,-1.53,249.807060219855,4.43243725279896
"512",2015-02-12,39,1.5,-4.35,-0.62,261.888338514056,4.39396176587826
"513",2015-02-12,39,2,-6.0099998,-0.77,262.699050147386,6.05912515104285
"514",2015-02-12,39,2.5,-5.75,-0.84999996,261.591088657455,5.81248655327477
"515",2015-02-12,39,3,-5.24,-0.16,268.251053955446,5.24244217898491
"516",2015-02-12,39,3.5,-5.21,0.77,278.407040055497,5.26659282648659
"517",2015-02-12,39,4,-5.21,1.05,281.394501828861,5.31475305164784
"518",2015-02-12,39,4.5,-5.06,1.03,281.505777520484,5.16376800408384
"519",2015-02-12,39,5,-4.73,0.78,279.364078512276,4.79388151710073
"141",2015-02-12,38.5,-10,0.26999998,-2.36,173.47335171768,2.37539470177063
"142",2015-02-12,38.5,-9.5,0.13,-2.73,177.273689006094,2.73309348541172
"143",2015-02-12,38.5,-9,-0.13,-1.81,184.108112177136,1.8146625030567
"144",2015-02-12,38.5,-8.5,-0.14999999,-0.90999997,189.360190492061,0.92227975278654
"145",2015-02-12,38.5,-8,-0.78999996,0.58,306.285268509066,0.98005098683691
"146",2015-02-12,38.5,-7.5,-0.78,0.66999996,310.661731517823,1.02825091607059
"147",2015-02-12,38.5,-7,0.53,0.14999999,74.1974870469466,0.550817571433592
"148",2015-02-12,38.5,-6.5,1.02,0.58,60.3762512488262,1.17337121150981
"149",2015-02-12,38.5,-6,0.44,1.29,18.8337529126588,1.36297468795279
"150",2015-02-12,38.5,-5.5,-0.28,2.08,352.333195738186,2.09876153957519
"151",2015-02-12,38.5,-5,-1.01,1.9399999,332.497676960388,2.18716702882976
"152",2015-02-12,38.5,-4.5,-1.17,0.62,297.919766428109,1.32412235084225
"153",2015-02-12,38.5,-4,-0.34,-0.34,225,0.480832611206852
"154",2015-02-12,38.5,-3.5,0.39,-0.35999998,132.709388370897,0.530754166823022
"155",2015-02-12,38.5,-3,-0.97999996,0.41,292.702842955867,1.06230876942629
"156",2015-02-12,38.5,-2.5,-2.18,0.78,289.687116198126,2.31534014779686
"157",2015-02-12,38.5,-2,-1.56,0.58,290.394876082048,1.66433169770932
"158",2015-02-12,38.5,-1.5,-1.41,-1.1899999,229.836585818894,1.84504736036775
"159",2015-02-12,38.5,-1,-0.96,-2.26,203.01475441879,2.45544293356616
"160",2015-02-12,38.5,-0.5,-1.53,-2.54,211.063170740312,2.96521500063655
"498",2015-02-12,38.5,0,-3.07,-5.2,210.55694868833,6.0386173914233
"499",2015-02-12,38.5,0.5,-3.4199998,-3.59,223.610786668458,4.95827577208046
"500",2015-02-12,38.5,1,-4.36,-1.73,248.357367010058,4.69068225314826
"501",2015-02-12,38.5,1.5,-4.97,-1.1,257.520027377691,5.09027504168488
"502",2015-02-12,38.5,2,-5.4,-0.61,263.555020316541,5.43434448668834
"503",2015-02-12,38.5,2.5,-5.6,-0.26,267.341747765292,5.60603246512183
"504",2015-02-12,38.5,3,-5.69,0.17999999,271.811915908555,5.69284638791528
"505",2015-02-12,38.5,3.5,-5.7799997,0.61,276.024486035028,5.81209915022104
"506",2015-02-12,38.5,4,-5.89,0.91999996,278.877691307482,5.96141761046817
"507",2015-02-12,38.5,4.5,-5.79,0.95,279.317838901054,5.86741851242947
"508",2015-02-12,38.5,5,-5.37,0.78999996,278.368957371944,5.42779881137833
"121",2015-02-12,38,-10,-0.19,-1.91,185.680890817966,1.91942699783034
"122",2015-02-12,38,-9.5,0.72999996,-2.26,162.099085174307,2.37497367176986
"123",2015-02-12,38,-9,1.3,-2.08,147.994616791916,2.45283509433472
"124",2015-02-12,38,-8.5,1.09,-0.58,118.017893546455,1.2347064428438
"125",2015-02-12,38,-8,0.78,1.0799999,35.8376554723485,1.33221611760255
"126",2015-02-12,38,-7.5,0.049999997,1.88,1.52346470028701,1.88066477600342
"127",2015-02-12,38,-7,0.31,0.78,21.6746491190241,0.839344982709732
"128",2015-02-12,38,-6.5,0.66999996,0.34,63.0939051636865,0.751332114580497
"129",2015-02-12,38,-6,-0.39,0.71,331.220193695603,0.810061726043145
"130",2015-02-12,38,-5.5,-1,0.71,305.374751843876,1.22641754716736
"131",2015-02-12,38,-5,-0.68,0.61,311.893972904384,0.913509715328742
"132",2015-02-12,38,-4.5,-0.48,-0.45,226.847610265995,0.657951365983839
"133",2015-02-12,38,-4,-0.34,-0.71999997,205.277723157346,0.796241142368316
"134",2015-02-12,38,-3.5,0.12,0.089999996,53.130103576466,0.1499999976
"135",2015-02-12,38,-3,-0.89,1.03,319.170436524842,1.36124942607885
"136",2015-02-12,38,-2.5,-1.68,0.78999996,295.184695986478,1.85647513767354
"137",2015-02-12,38,-2,-1.35,-0.26,259.09873234697,1.37480907765406
"138",2015-02-12,38,-1.5,0.47,-1.15,157.770378908762,1.24233650835834
"139",2015-02-12,38,-1,0.35999998,-2.06,170.087249093061,2.09121973632615
"140",2015-02-12,38,-0.5,-5.15,-4.7999997,227.014600573938,7.04006371562077
"487",2015-02-12,38,0,-5.65,-4.5,231.464074319377,7.22305337097823
"488",2015-02-12,38,0.5,-4.67,-2.52,241.648054655196,5.30653370855213
"489",2015-02-12,38,1,-4.7999997,-1.4,253.739794329119,4.999999712
"490",2015-02-12,38,1.5,-5.06,-0.75,261.568927284248,5.115281028448
"491",2015-02-12,38,2,-5.21,-0.39999998,265.609704636023,5.22533252377301
"492",2015-02-12,38,2.5,-5.21,-0.19999999,267.801625431711,5.21383735803103
"493",2015-02-12,38,3,-5.16,-0.01,269.888961806622,5.16000968991338
"494",2015-02-12,38,3.5,-5.13,0.29999998,273.346818419126,5.13876444177003
"495",2015-02-12,38,4,-5.12,0.69,277.675259019493,5.1662849321345
"496",2015-02-12,38,4.5,-5.16,0.94,280.324388002631,5.24492135308052
"497",2015-02-12,38,5,-5.18,1.09,281.883083435684,5.29343933563047
"101",2015-02-12,37.5,-10,-0.82,-1.8,204.491901028232,1.97797876631677
"102",2015-02-12,37.5,-9.5,-0.59,-2.11,195.622100262711,2.19093587309168
"103",2015-02-12,37.5,-9,-0.64,-2.02,197.579851426655,2.11896201004171
"104",2015-02-12,37.5,-8.5,0.19,-0.81,166.798912824294,0.83198557679806
"105",2015-02-12,37.5,-8,0.11,-0.38,163.855661219716,0.39560080889705
"106",2015-02-12,37.5,-7.5,-0.82,-0.099999994,263.04704294492,0.826075056396209
"107",2015-02-12,37.5,-7,-0.78,-0.089999996,263.418055634786,0.785175139239648
"108",2015-02-12,37.5,-6.5,0.31,-0.37,140.042451069171,0.482700735445887
"109",2015-02-12,37.5,-6,-0.78999996,-0.26999998,251.131000955956,0.834865214271143
"110",2015-02-12,37.5,-5.5,-2.34,0.7,286.654306376923,2.44245777855012
"111",2015-02-12,37.5,-5,-1.77,1.68,313.505666408733,2.44034833579143
"112",2015-02-12,37.5,-4.5,-0.41,1.5899999,345.540603978408,1.64201086537209
"113",2015-02-12,37.5,-4,-0.34,1.14,343.393019421383,1.18962178863704
"114",2015-02-12,37.5,-3.5,-0.53,0.66999996,321.654423381618,0.854283293995617
"115",2015-02-12,37.5,-3,-1.63,-0.089999996,266.83963851413,1.63248277151093
"116",2015-02-12,37.5,-2.5,-2.24,-0.48999998,257.660913209882,2.29296750530835
"117",2015-02-12,37.5,-2,-0.77,-1.48,207.486619624288,1.66832251078741
"118",2015-02-12,37.5,-1.5,-0.34,-3.59,185.410204109758,3.60606433664182
"119",2015-02-12,37.5,-1,-3.51,-5.68,211.714313328438,6.67701280513973
"120",2015-02-12,37.5,-0.5,-5.42,-4.2799997,231.702984379059,6.90614200780726
"476",2015-02-12,37.5,0,-5.24,-3,240.208039190635,6.03801291817101
"477",2015-02-12,37.5,0.5,-5.3399997,-1.91,250.31899153836,5.67130468199338
"478",2015-02-12,37.5,1,-5.37,-0.83,261.213753946927,5.43376480904354
"479",2015-02-12,37.5,1.5,-5.24,-0.13,268.578831347198,5.2416123473603
"480",2015-02-12,37.5,2,-5.02,0.14,271.597476197246,5.02195181179589
"481",2015-02-12,37.5,2.5,-4.9,0.08,270.935358195757,4.90065301771101
"482",2015-02-12,37.5,3,-4.77,-0.17,267.958875948367,4.77302838876954
"483",2015-02-12,37.5,3.5,-4.44,-0.07,269.096762991877,4.44055176751719
"484",2015-02-12,37.5,4,-3.79,0.32,274.826191643511,3.80348524382572
"485",2015-02-12,37.5,4.5,-3.46,0.45,277.410168958363,3.48914029525899
"486",2015-02-12,37.5,5,-3.59,0.34,275.410204109758,3.60606433664182
"81",2015-02-12,37,-10,-1.01,-0.93,227.361374658176,1.3729530217746
"82",2015-02-12,37,-9.5,-0.56,-2.5,192.625836878907,2.56195238050983
"83",2015-02-12,37,-9,-1,-2.98,198.550231925928,3.14331035693264
"84",2015-02-12,37,-8.5,-1.05,-2.71,201.179051694793,2.90630349413133
"85",2015-02-12,37,-8,-0.98999995,-2.1399999,204.826054968999,2.35790149773056
"86",2015-02-12,37,-7.5,-1.91,-0.35,259.61597931238,1.94180328560851
"87",2015-02-12,37,-7,-3,3.04,315.379436701419,4.27101861386719
"88",2015-02-12,37,-6.5,-1.8299999,1.63,311.69178802116,2.45067330217636
"89",2015-02-12,37,-6,-0.42999998,-0.06,262.056527824662,0.43416584711375
"90",2015-02-12,37,-5.5,-1.15,0.83,305.819458042374,1.41823834386185
"91",2015-02-12,37,-5,-0.74,1.53,334.188797155993,1.69955876626847
"92",2015-02-12,37,-4.5,-0.65999997,0.25,290.746081138398,0.705761971488972
"93",2015-02-12,37,-4,-0.07,-0.17,202.38013505196,0.183847763108502
"94",2015-02-12,37,-3.5,-0.83,1.2099999,325.551807297391,1.46731038229817
"95",2015-02-12,37,-3,-0.52,1.18,336.217969576779,1.28949602558519
"96",2015-02-12,37,-2.5,-1.36,-1.89,215.737911852784,2.32845442300252
"97",2015-02-12,37,-2,-1.0699999,-3.76,195.884998400296,3.90928379450763
"98",2015-02-12,37,-1.5,-3.3,-7.3399997,204.208268875707,8.04770747455448
"99",2015-02-12,37,-1,-4.8199997,-4.93,224.353611718781,6.89472966170539
"100",2015-02-12,37,-0.5,-5.4,-3.4199998,237.652558015117,6.39190101863288
"465",2015-02-12,37,0,-6.5699997,-2.57,248.635953493581,7.0547711556081
"466",2015-02-12,37,0.5,-6.99,-1.77,255.790308688006,7.21061717192086
"467",2015-02-12,37,1,-6.83,-0.82,263.153918707948,6.87904789923722
"468",2015-02-12,37,1.5,-6.43,-0.049999997,269.554474173532,6.43019439828222
"469",2015-02-12,37,2,-5.97,0.07,270.671779025212,5.9704103711554
"470",2015-02-12,37,2.5,-4.9,0.28,273.270487923184,4.90799348002827
"471",2015-02-12,37,3,-3.49,1.61,294.764728833618,3.84346198107904
"472",2015-02-12,37,3.5,-2.36,3.01,321.901667732064,3.82487908305609
"473",2015-02-12,37,4,-1.38,3.59,338.973184471843,3.84610192272644
"474",2015-02-12,37,4.5,-0.19999999,4.2,357.273689142204,4.20475920785008
"475",2015-02-12,37,5,0.76,2.73,15.556579323188,2.83381368477181
"61",2015-02-12,36.5,-10,0.74,0.90999997,39.1175553345004,1.17290235970434
"62",2015-02-12,36.5,-9.5,1.43,-1.13,128.316135891966,1.82258058806737
"63",2015-02-12,36.5,-9,1.54,-2.85,151.61539096821,3.23945983151512
"64",2015-02-12,36.5,-8.5,1.03,-2.6299999,158.612950449079,2.82449986263055
"65",2015-02-12,36.5,-8,0.96,-1.68,150.255118703058,1.93494185959165
"66",2015-02-12,36.5,-7.5,0.78,-0.29999998,111.037509745619,0.835703289451466
"67",2015-02-12,36.5,-7,-1.7099999,2.53,325.94566059288,3.0536862409226
"68",2015-02-12,36.5,-6.5,-4.29,2.56,300.826073839111,4.99576820919466
"69",2015-02-12,36.5,-6,-1.5699999,0.14,275.095700242417,1.57622957909056
"70",2015-02-12,36.5,-5.5,-1.31,-0.12,264.766138352784,1.3154847015454
"71",2015-02-12,36.5,-5,-0.14999999,-1.8399999,184.660545425421,1.84610390525561
"72",2015-02-12,36.5,-4.5,1.53,-5.79,165.198001916566,5.98873943330314
"73",2015-02-12,36.5,-4,0.95,-5.85,170.776077717895,5.92663479556485
"74",2015-02-12,36.5,-3.5,-2.26,-1.75,232.248081657223,2.85833867832348
"75",2015-02-12,36.5,-3,-5.22,-2.1699998,247.426915342659,5.65307873039108
"76",2015-02-12,36.5,-2.5,-7.25,-4.7799997,236.602723807948,8.68394479093459
"77",2015-02-12,36.5,-2,-6.3599997,-7.5699997,220.035583780731,9.88708711613285
"78",2015-02-12,36.5,-1.5,-4.65,-6.6499996,214.963099164537,8.1144928787941
"79",2015-02-12,36.5,-1,-5.3399997,-4.63,229.073362899671,7.06770802990617
"80",2015-02-12,36.5,-0.5,-6.5299997,-3.6699998,240.663079979387,7.49064714253716
"454",2015-02-12,36.5,0,-6.29,-2.23,250.479005351072,6.67360472308632
"455",2015-02-12,36.5,0.5,-5.1099997,0.07,270.784824649062,5.11047912959246
"456",2015-02-12,36.5,1,-3.09,1.51,296.043517523482,3.43921502671758
"457",2015-02-12,36.5,1.5,-1.43,1.55,317.305966723995,2.10888596182914
"458",2015-02-12,36.5,2,-0.97999996,2.02,334.119727248337,2.24517258169612
"459",2015-02-12,36.5,2.5,-0.76,2.74,344.497461208368,2.84344861040252
"460",2015-02-12,36.5,3,-0.59,3.57,350.615772854262,3.6184250717681
"461",2015-02-12,36.5,3.5,-0.45999998,3.04,351.395518775416,3.07460566278019
"462",2015-02-12,36.5,4,-0.88,2.04,336.66595872329,2.22171105231981
"463",2015-02-12,36.5,4.5,0.19999999,1.67,6.82924396496076,1.68193341009684
"464",2015-02-12,36.5,5,0.08,2.23,2.05457288092569,2.23143451618012
"41",2015-02-12,36,-10,1.76,0.90999997,62.6589819667516,1.98133791802408
"42",2015-02-12,36,-9.5,1.74,0.41,76.7411278178193,1.78765209143166
"43",2015-02-12,36,-9,1.89,-1,117.883340620448,2.13824694551401
"44",2015-02-12,36,-8.5,2.6,-1.8,124.695153531234,3.16227766016838
"45",2015-02-12,36,-8,3.3999999,-1.81,118.028737048133,3.85176574054031
"46",2015-02-12,36,-7.5,2.75,-1.92,124.92204492862,3.35393798392278
"47",2015-02-12,36,-7,0.45999998,-0.32999998,125.655327633098,0.566127166279804
"48",2015-02-12,36,-6.5,-2.54,2.53,314.886990719499,3.58503835404867
"49",2015-02-12,36,-6,-5.1,1.3,284.300277449186,5.26307894677631
"50",2015-02-12,36,-5.5,-3.32,-1.75,242.2059072941,3.75298547825594
"51",2015-02-12,36,-5,-1.8199999,-6.1299996,196.536180154339,6.39447376505684
"52",2015-02-12,36,-4.5,-2.23,-6.37,199.294052636881,6.74905919369507
"53",2015-02-12,36,-4,-5.2999997,-2.85,241.731485860081,6.01768201386548
"54",2015-02-12,36,-3.5,-7.7999997,-1.29,260.609163088854,7.90595315695711
"55",2015-02-12,36,-3,-7.68,-2.86,249.574878927323,8.19524252234185
"56",2015-02-12,36,-2.5,-6.8199997,-4.3199997,237.648559965847,8.07309069167442
"57",2015-02-12,36,-2,-5.48,-4.99,227.679509223991,7.41151131686379
"58",2015-02-12,36,-1.5,-5.02,-4.54,227.874361774251,6.7684562493969
"59",2015-02-12,36,-1,-5.46,-3.37,238.316446630999,6.41626838590781
"60",2015-02-12,36,-0.5,-4.29,-1.0799999,255.869521393552,4.42385575985475
"443",2015-02-12,36,0,-3.29,1.39,292.90368837034,3.5715822824065
"444",2015-02-12,36,0.5,-1.8,0.83,294.75495178196,1.98214530244379
"445",2015-02-12,36,1,-1.77,0.81,294.590117166196,1.946535383701
"446",2015-02-12,36,1.5,-1.63,1.7199999,316.538917761214,2.36966235063142
"447",2015-02-12,36,2,-1.09,2.25,334.152389779404,2.50011999712014
"448",2015-02-12,36,2.5,-1.23,2.44,333.247401932972,2.73248970720843
"449",2015-02-12,36,3,-1.27,1.35,316.748946044554,1.8534832073693
"450",2015-02-12,36,3.5,-1.05,1.49,324.827724011163,1.82280004388852
"451",2015-02-12,36,4,-0.96999997,1.24,321.965419350012,1.57432523380653
"452",2015-02-12,36,4.5,-0.91999996,1.63,330.558871884614,1.871710428031
"453",2015-02-12,36,5,0.049999997,2.05,1.39718094349874,2.05060966536784
"21",2015-02-12,35.5,-10,0.38,0.14999999,68.459025385979,0.408533960644645
"22",2015-02-12,35.5,-9.5,0.02,0.76,1.50743575877497,0.760263112349928
"23",2015-02-12,35.5,-9,0.42999998,-0.37,130.710847988735,0.567274168987096
"24",2015-02-12,35.5,-8.5,1.22,-1.8,145.871452925855,2.17448844558899
"25",2015-02-12,35.5,-8,1.53,-2,142.584011381422,2.5181143738917
"26",2015-02-12,35.5,-7.5,0.95,-1.55,148.495733280796,1.81796589626978
"27",2015-02-12,35.5,-7,0.91999996,-0.84999996,132.735245349521,1.25255732739065
"28",2015-02-12,35.5,-6.5,1.1899999,2.56,24.9310645123479,2.82306566731984
"29",2015-02-12,35.5,-6,-1.15,2.3,333.434948822922,2.57147817412476
"30",2015-02-12,35.5,-5.5,-0.65999997,0,270,0.65999997
"31",2015-02-12,35.5,-5,-0.48999998,-3.34,188.346130326663,3.37575176522208
"32",2015-02-12,35.5,-4.5,-1.4,-1.9599999,215.537679174595,2.40865099339859
"33",2015-02-12,35.5,-4,-4.0499997,-0.08,268.868378597015,4.05078974645687
"34",2015-02-12,35.5,-3.5,-4.0099998,-0.41,264.162114258555,4.03090540648128
"35",2015-02-12,35.5,-3,-2.72,-0.45999998,260.401097341036,2.75862284149175
"36",2015-02-12,35.5,-2.5,-3.06,-1.15,249.402926660316,3.26896007929127
"37",2015-02-12,35.5,-2,-3.4499998,-2.56,233.423512340684,4.2960561704894
"38",2015-02-12,35.5,-1.5,-2.08,-2.27,222.499015358377,3.0788471868542
"39",2015-02-12,35.5,-1,-1.4699999,0.84,299.74488297594,1.69307404031838
"40",2015-02-12,35.5,-0.5,-0.84999996,2.52,341.360668391412,2.65949241999296
"432",2015-02-12,35.5,0,-0.90999997,2.86,342.349876325823,3.00128304986384
"433",2015-02-12,35.5,0.5,-0.93,2.84,341.868200620792,2.98839421763595
"434",2015-02-12,35.5,1,-1.76,2.4299998,324.084941367749,3.000416475758
"435",2015-02-12,35.5,1.5,-1.43,1.38,313.980609718545,1.98728457952051
"436",2015-02-12,35.5,2,-1.93,0.21,276.209826147186,1.94139125371472
"437",2015-02-12,35.5,2.5,-2.1299999,0.06,271.613539008594,2.13084480288922
"438",2015-02-12,35.5,3,-2.44,-0.31,262.759409870355,2.45961379082164
"439",2015-02-12,35.5,3.5,-2,-0.17999999,264.857235726293,2.00808366269934
"440",2015-02-12,35.5,4,-1.65,-0.32,259.024344827187,1.68074388292803
"441",2015-02-12,35.5,4.5,-3.1799998,0.01,270.1801748247,3.18001552323256
"442",2015-02-12,35.5,5,-2.4099998,0.25,275.922363509456,2.42293190907216
"1",2015-02-12,35,-10,-2.19,0.78,289.604088150829,2.32475805192712
"2",2015-02-12,35,-9.5,-1.42,0.74,297.525225743744,1.60124951209985
"3",2015-02-12,35,-9,0.03,-0.22,172.234833981575,0.222036033111745
"4",2015-02-12,35,-8.5,0.91999996,-1.12,140.599340558365,1.4494136491699
"5",2015-02-12,35,-8,0.96,-1.1999999,141.340189416813,1.536749738897
"6",2015-02-12,35,-7.5,0.90999997,-0.85999995,133.381904747273,1.25207821616703
"7",2015-02-12,35,-7,1.78,0.47,75.2089151012888,1.84100516023177
"8",2015-02-12,35,-6.5,0.76,2.62,16.1761933616084,2.72800293254974
"9",2015-02-12,35,-6,-1.02,0.7,304.460816271372,1.23709336753537
"10",2015-02-12,35,-5.5,-0.29,-0.75,201.139824808658,0.804114419718985
"11",2015-02-12,35,-5,0.97999996,-0.12,96.9810576889592,0.987319564072343
"12",2015-02-12,35,-4.5,1.24,1.3,43.6468080462203,1.79655225362359
"13",2015-02-12,35,-4,0.04,0.52,4.39870535499553,0.521536192416212
"14",2015-02-12,35,-3.5,-0.31,0.31,315,0.438406204335659
"15",2015-02-12,35,-3,0.19,0.07,69.7751405688319,0.202484567313166
"16",2015-02-12,35,-2.5,0.48999998,-0.089999996,100.407711275555,0.498196727889697
"17",2015-02-12,35,-2,0.57,-0.11,100.922804719869,0.580517010948
"18",2015-02-12,35,-1.5,-0.19999999,2.1,354.559668239379,2.10950231002481
"19",2015-02-12,35,-1,-0.45999998,2.82,350.735476410688,2.85727142245885
"20",2015-02-12,35,-0.5,-0.45999998,2.95,351.137116547529,2.98564900509085
"421",2015-02-12,35,0,-1.26,2.78,335.618188123104,3.05221231240554
"422",2015-02-12,35,0.5,-0.13,3.1699998,357.651646538905,3.17266429550938
"423",2015-02-12,35,1,-0.57,2.72,348.164432919522,2.77908258243615
"424",2015-02-12,35,1.5,0.24,2.46,5.5721978039638,2.47167959088552
"425",2015-02-12,35,2,1.02,1.76,30.094241476445,2.03420746237939
"426",2015-02-12,35,2.5,-0.04,2.31,359.007964434011,2.31034629438965
"427",2015-02-12,35,3,-0.55,1.9,343.855661219717,1.97800404448525
"428",2015-02-12,35,3.5,-0.37,2.03,349.670317910981,2.06344372348751
"429",2015-02-12,35,4,0.35,2.3799999,8.36588647056568,2.40559753990563
"430",2015-02-12,35,4.5,0.78,2.73,15.9453959009229,2.8392428568194
"431",2015-02-12,35,5,-0.56,1.73,342.063262789692,1.81837839846386
